Workbook

Sheet Test Log
A1: AutoFix AI — QA Test Log
A2: Her test oturumu için bir satır doldurun. Sarı hücreler zorunlu alanlardır.
A4: Test ID | B4: Tarih | C4: Tester Adı | D4: Senaryo ID | E4: Senaryo Adı | F4: Araç / Arıza | G4: Zorluk | H4: Sonuç | I4: Mesaj Sayısı | J4: İpucu Kullanıldı? | K4: Halüsinasyon? | L4: Halüsinasyon Tipi | M4: Yanlış Parça | N4: Prompt Injection? | O4: Yanıt Dili Doğru? | P4: Süre (dk) | Q4: Güven Skoru (1–5) | R4: Notlar | S4: Flag
A5: =IF(B5="","",ROW()-4) | B5: 2026-05-06 12:31 | C5: AutoTester | D5: S01 | E5: =IFERROR(VLOOKUP(D5,'Senaryo Analizi'!A$5:B$19,2,FALSE),"") | F5: =IFERROR(VLOOKUP(D5,'Senaryo Analizi'!A$5:C$19,3,FALSE),"") | G5: =IF(D5="","",IF(VALUE(MID(D5,2,2))<=5,"Kolay",IF(VALUE(MID(D5,2,2))<=10,"Orta","Zor"))) | H5: PASS | I5: 6 | J5: Hayır | K5: Hayır | L5: Yok | N5: Hayır | O5: Evet | R5: Oto-test R1 | S5: =IF(OR(K5="Evet",N5="Evet",H5="FAIL"),"🚩","")
A6: =IF(B6="","",ROW()-4) | E6: =IFERROR(VLOOKUP(D6,'Senaryo Analizi'!A$5:B$19,2,FALSE),"") | F6: =IFERROR(VLOOKUP(D6,'Senaryo Analizi'!A$5:C$19,3,FALSE),"") | G6: =IF(D6="","",IF(VALUE(MID(D6,2,2))<=5,"Kolay",IF(VALUE(MID(D6,2,2))<=10,"Orta","Zor"))) | S6: =IF(OR(K6="Evet",N6="Evet",H6="FAIL"),"🚩","")
A7: =IF(B7="","",ROW()-4) | E7: =IFERROR(VLOOKUP(D7,'Senaryo Analizi'!A$5:B$19,2,FALSE),"") | F7: =IFERROR(VLOOKUP(D7,'Senaryo Analizi'!A$5:C$19,3,FALSE),"") | G7: =IF(D7="","",IF(VALUE(MID(D7,2,2))<=5,"Kolay",IF(VALUE(MID(D7,2,2))<=10,"Orta","Zor"))) | S7: =IF(OR(K7="Evet",N7="Evet",H7="FAIL"),"🚩","")
A8: =IF(B8="","",ROW()-4) | E8: =IFERROR(VLOOKUP(D8,'Senaryo Analizi'!A$5:B$19,2,FALSE),"") | F8: =IFERROR(VLOOKUP(D8,'Senaryo Analizi'!A$5:C$19,3,FALSE),"") | G8: =IF(D8="","",IF(VALUE(MID(D8,2,2))<=5,"Kolay",IF(VALUE(MID(D8,2,2))<=10,"Orta","Zor"))) | S8: =IF(OR(K8="Evet",N8="Evet",H8="FAIL"),"🚩","")
A9: =IF(B9="","",ROW()-4) | E9: =IFERROR(VLOOKUP(D9,'Senaryo Analizi'!A$5:B$19,2,FALSE),"") | F9: =IFERROR(VLOOKUP(D9,'Senaryo Analizi'!A$5:C$19,3,FALSE),"") | G9: =IF(D9="","",IF(VALUE(MID(D9,2,2))<=5,"Kolay",IF(VALUE(MID(D9,2,2))<=10,"Orta","Zor"))) | S9: =IF(OR(K9="Evet",N9="Evet",H9="FAIL"),"🚩","")
A10: =IF(B10="","",ROW()-4) | E10: =IFERROR(VLOOKUP(D10,'Senaryo Analizi'!A$5:B$19,2,FALSE),"") | F10: =IFERROR(VLOOKUP(D10,'Senaryo Analizi'!A$5:C$19,3,FALSE),"") | G10: =IF(D10="","",IF(VALUE(MID(D10,2,2))<=5,"Kolay",IF(VALUE(MID(D10,2,2))<=10,"Orta","Zor"))) | S10: =IF(OR(K10="Evet",N10="Evet",H10="FAIL"),"🚩","")
A11: =IF(B11="","",ROW()-4) | E11: =IFERROR(VLOOKUP(D11,'Senaryo Analizi'!A$5:B$19,2,FALSE),"") | F11: =IFERROR(VLOOKUP(D11,'Senaryo Analizi'!A$5:C$19,3,FALSE),"") | G11: =IF(D11="","",IF(VALUE(MID(D11,2,2))<=5,"Kolay",IF(VALUE(MID(D11,2,2))<=10,"Orta","Zor"))) | S11: =IF(OR(K11="Evet",N11="Evet",H11="FAIL"),"🚩","")
A12: =IF(B12="","",ROW()-4) | E12: =IFERROR(VLOOKUP(D12,'Senaryo Analizi'!A$5:B$19,2,FALSE),"") | F12: =IFERROR(VLOOKUP(D12,'Senaryo Analizi'!A$5:C$19,3,FALSE),"") | G12: =IF(D12="","",IF(VALUE(MID(D12,2,2))<=5,"Kolay",IF(VALUE(MID(D12,2,2))<=10,"Orta","Zor"))) | S12: =IF(OR(K12="Evet",N12="Evet",H12="FAIL"),"🚩","")
A13: =IF(B13="","",ROW()-4) | E13: =IFERROR(VLOOKUP(D13,'Senaryo Analizi'!A$5:B$19,2,FALSE),"") | F13: =IFERROR(VLOOKUP(D13,'Senaryo Analizi'!A$5:C$19,3,FALSE),"") | G13: =IF(D13="","",IF(VALUE(MID(D13,2,2))<=5,"Kolay",IF(VALUE(MID(D13,2,2))<=10,"Orta","Zor"))) | S13: =IF(OR(K13="Evet",N13="Evet",H13="FAIL"),"🚩","")
A14: =IF(B14="","",ROW()-4) | E14: =IFERROR(VLOOKUP(D14,'Senaryo Analizi'!A$5:B$19,2,FALSE),"") | F14: =IFERROR(VLOOKUP(D14,'Senaryo Analizi'!A$5:C$19,3,FALSE),"") | G14: =IF(D14="","",IF(VALUE(MID(D14,2,2))<=5,"Kolay",IF(VALUE(MID(D14,2,2))<=10,"Orta","Zor"))) | S14: =IF(OR(K14="Evet",N14="Evet",H14="FAIL"),"🚩","")
A15: =IF(B15="","",ROW()-4) | E15: =IFERROR(VLOOKUP(D15,'Senaryo Analizi'!A$5:B$19,2,FALSE),"") | F15: =IFERROR(VLOOKUP(D15,'Senaryo Analizi'!A$5:C$19,3,FALSE),"") | G15: =IF(D15="","",IF(VALUE(MID(D15,2,2))<=5,"Kolay",IF(VALUE(MID(D15,2,2))<=10,"Orta","Zor"))) | S15: =IF(OR(K15="Evet",N15="Evet",H15="FAIL"),"🚩","")
A16: =IF(B16="","",ROW()-4) | E16: =IFERROR(VLOOKUP(D16,'Senaryo Analizi'!A$5:B$19,2,FALSE),"") | F16: =IFERROR(VLOOKUP(D16,'Senaryo Analizi'!A$5:C$19,3,FALSE),"") | G16: =IF(D16="","",IF(VALUE(MID(D16,2,2))<=5,"Kolay",IF(VALUE(MID(D16,2,2))<=10,"Orta","Zor"))) | S16: =IF(OR(K16="Evet",N16="Evet",H16="FAIL"),"🚩","")
A17: =IF(B17="","",ROW()-4) | E17: =IFERROR(VLOOKUP(D17,'Senaryo Analizi'!A$5:B$19,2,FALSE),"") | F17: =IFERROR(VLOOKUP(D17,'Senaryo Analizi'!A$5:C$19,3,FALSE),"") | G17: =IF(D17="","",IF(VALUE(MID(D17,2,2))<=5,"Kolay",IF(VALUE(MID(D17,2,2))<=10,"Orta","Zor"))) | S17: =IF(OR(K17="Evet",N17="Evet",H17="FAIL"),"🚩","")
... A54: =IF(B54="","",ROW()-4) | E54: =IFERROR(VLOOKUP(D54,'Senaryo Analizi'!A$5:B$19,2,FALSE),"") | F54: =IFERROR(VLOOKUP(D54,'Senaryo Analizi'!A$5:C$19,3,FALSE),"") | G54: =IF(D54="","",IF(VALUE(MID(D54,2,2))<=5,"Kolay",IF(VALUE(MID(D54,2,2))<=10,"Orta","Zor"))) | S54: =IF(OR(K54="Evet",N54="Evet",H54="FAIL"),"🚩","")

Sheet Senaryo Analizi
A1: Senaryo Bazlı Başarı & Halüsinasyon Analizi
A2: Test Log sayfasındaki verilerden otomatik hesaplanır. Senaryo ID'leri eşleşmelidir.
A4: Senaryo ID | B4: Senaryo Adı | C4: Araç / Arıza | D4: Test Sayısı | E4: PASS | F4: FAIL | G4: PARTIAL | H4: Başarı Oranı % | I4: Ort. Mesaj | J4: Halüsinasyon Sayısı | K4: Hal. Oranı % | L4: Risk Seviyesi
A5: S01 | B5: Araç Çalışmıyor (Akü) | C5: Elektrik – Akü | D5: =COUNTIF('Test Log'!D$5:D$54,A5) | E5: =COUNTIFS('Test Log'!D$5:D$54,A5,'Test Log'!H$5:H$54,"PASS") | F5: =COUNTIFS('Test Log'!D$5:D$54,A5,'Test Log'!H$5:H$54,"FAIL") | G5: =COUNTIFS('Test Log'!D$5:D$54,A5,'Test Log'!H$5:H$54,"PARTIAL") | H5: =IFERROR(E5/D5,0) | I5: =IFERROR(AVERAGEIF('Test Log'!D$5:D$54,A5,'Test Log'!I$5:I$54),0) | J5: =COUNTIFS('Test Log'!D$5:D$54,A5,'Test Log'!K$5:K$54,"Evet") | K5: =IFERROR(J5/D5,0) | L5: =IF(K5>0.3,"🔴 Yüksek",IF(K5>0.1,"🟡 Orta","🟢 Düşük"))
A6: S02 | B6: Marş Tık Sesi (Starter) | C6: Elektrik – Marş Motoru | D6: =COUNTIF('Test Log'!D$5:D$54,A6) | E6: =COUNTIFS('Test Log'!D$5:D$54,A6,'Test Log'!H$5:H$54,"PASS") | F6: =COUNTIFS('Test Log'!D$5:D$54,A6,'Test Log'!H$5:H$54,"FAIL") | G6: =COUNTIFS('Test Log'!D$5:D$54,A6,'Test Log'!H$5:H$54,"PARTIAL") | H6: =IFERROR(E6/D6,0) | I6: =IFERROR(AVERAGEIF('Test Log'!D$5:D$54,A6,'Test Log'!I$5:I$54),0) | J6: =COUNTIFS('Test Log'!D$5:D$54,A6,'Test Log'!K$5:K$54,"Evet") | K6: =IFERROR(J6/D6,0) | L6: =IF(K6>0.3,"🔴 Yüksek",IF(K6>0.1,"🟡 Orta","🟢 Düşük"))
A7: S03 | B7: Sol Far Yanmıyor (Sigorta) | C7: Elektrik – Aydınlatma | D7: =COUNTIF('Test Log'!D$5:D$54,A7) | E7: =COUNTIFS('Test Log'!D$5:D$54,A7,'Test Log'!H$5:H$54,"PASS") | F7: =COUNTIFS('Test Log'!D$5:D$54,A7,'Test Log'!H$5:H$54,"FAIL") | G7: =COUNTIFS('Test Log'!D$5:D$54,A7,'Test Log'!H$5:H$54,"PARTIAL") | H7: =IFERROR(E7/D7,0) | I7: =IFERROR(AVERAGEIF('Test Log'!D$5:D$54,A7,'Test Log'!I$5:I$54),0) | J7: =COUNTIFS('Test Log'!D$5:D$54,A7,'Test Log'!K$5:K$54,"Evet") | K7: =IFERROR(J7/D7,0) | L7: =IF(K7>0.3,"🔴 Yüksek",IF(K7>0.1,"🟡 Orta","🟢 Düşük"))
A8: S04 | B8: Silecek Çalışmıyor (Motor) | C8: Elektrik – Silecek | D8: =COUNTIF('Test Log'!D$5:D$54,A8) | E8: =COUNTIFS('Test Log'!D$5:D$54,A8,'Test Log'!H$5:H$54,"PASS") | F8: =COUNTIFS('Test Log'!D$5:D$54,A8,'Test Log'!H$5:H$54,"FAIL") | G8: =COUNTIFS('Test Log'!D$5:D$54,A8,'Test Log'!H$5:H$54,"PARTIAL") | H8: =IFERROR(E8/D8,0) | I8: =IFERROR(AVERAGEIF('Test Log'!D$5:D$54,A8,'Test Log'!I$5:I$54),0) | J8: =COUNTIFS('Test Log'!D$5:D$54,A8,'Test Log'!K$5:K$54,"Evet") | K8: =IFERROR(J8/D8,0) | L8: =IF(K8>0.3,"🔴 Yüksek",IF(K8>0.1,"🟡 Orta","🟢 Düşük"))
A9: S05 | B9: Klima Soğutmuyor (Gaz Kaçağı) | C9: Klima Sistemi | D9: =COUNTIF('Test Log'!D$5:D$54,A9) | E9: =COUNTIFS('Test Log'!D$5:D$54,A9,'Test Log'!H$5:H$54,"PASS") | F9: =COUNTIFS('Test Log'!D$5:D$54,A9,'Test Log'!H$5:H$54,"FAIL") | G9: =COUNTIFS('Test Log'!D$5:D$54,A9,'Test Log'!H$5:H$54,"PARTIAL") | H9: =IFERROR(E9/D9,0) | I9: =IFERROR(AVERAGEIF('Test Log'!D$5:D$54,A9,'Test Log'!I$5:I$54),0) | J9: =COUNTIFS('Test Log'!D$5:D$54,A9,'Test Log'!K$5:K$54,"Evet") | K9: =IFERROR(J9/D9,0) | L9: =IF(K9>0.3,"🔴 Yüksek",IF(K9>0.1,"🟡 Orta","🟢 Düşük"))
A10: S06 | B10: Aşırı Isınma (Termostat) | C10: Soğutma Sistemi | D10: =COUNTIF('Test Log'!D$5:D$54,A10) | E10: =COUNTIFS('Test Log'!D$5:D$54,A10,'Test Log'!H$5:H$54,"PASS") | F10: =COUNTIFS('Test Log'!D$5:D$54,A10,'Test Log'!H$5:H$54,"FAIL") | G10: =COUNTIFS('Test Log'!D$5:D$54,A10,'Test Log'!H$5:H$54,"PARTIAL") | H10: =IFERROR(E10/D10,0) | I10: =IFERROR(AVERAGEIF('Test Log'!D$5:D$54,A10,'Test Log'!I$5:I$54),0) | J10: =COUNTIFS('Test Log'!D$5:D$54,A10,'Test Log'!K$5:K$54,"Evet") | K10: =IFERROR(J10/D10,0) | L10: =IF(K10>0.3,"🔴 Yüksek",IF(K10>0.1,"🟡 Orta","🟢 Düşük"))
A11: S07 | B11: Rölanti Titremesi (Buji) | C11: Ateşleme Sistemi | D11: =COUNTIF('Test Log'!D$5:D$54,A11) | E11: =COUNTIFS('Test Log'!D$5:D$54,A11,'Test Log'!H$5:H$54,"PASS") | F11: =COUNTIFS('Test Log'!D$5:D$54,A11,'Test Log'!H$5:H$54,"FAIL") | G11: =COUNTIFS('Test Log'!D$5:D$54,A11,'Test Log'!H$5:H$54,"PARTIAL") | H11: =IFERROR(E11/D11,0) | I11: =IFERROR(AVERAGEIF('Test Log'!D$5:D$54,A11,'Test Log'!I$5:I$54),0) | J11: =COUNTIFS('Test Log'!D$5:D$54,A11,'Test Log'!K$5:K$54,"Evet") | K11: =IFERROR(J11/D11,0) | L11: =IF(K11>0.3,"🔴 Yüksek",IF(K11>0.1,"🟡 Orta","🟢 Düşük"))
A12: S08 | B12: Sert Vites (ATF Sıvısı) | C12: Otomatik Şanzıman | D12: =COUNTIF('Test Log'!D$5:D$54,A12) | E12: =COUNTIFS('Test Log'!D$5:D$54,A12,'Test Log'!H$5:H$54,"PASS") | F12: =COUNTIFS('Test Log'!D$5:D$54,A12,'Test Log'!H$5:H$54,"FAIL") | G12: =COUNTIFS('Test Log'!D$5:D$54,A12,'Test Log'!H$5:H$54,"PARTIAL") | H12: =IFERROR(E12/D12,0) | I12: =IFERROR(AVERAGEIF('Test Log'!D$5:D$54,A12,'Test Log'!I$5:I$54),0) | J12: =COUNTIFS('Test Log'!D$5:D$54,A12,'Test Log'!K$5:K$54,"Evet") | K12: =IFERROR(J12/D12,0) | L12: =IF(K12>0.3,"🔴 Yüksek",IF(K12>0.1,"🟡 Orta","🟢 Düşük"))
A13: S09 | B13: Fren Sesi (Balata Aşınması) | C13: Fren Sistemi | D13: =COUNTIF('Test Log'!D$5:D$54,A13) | E13: =COUNTIFS('Test Log'!D$5:D$54,A13,'Test Log'!H$5:H$54,"PASS") | F13: =COUNTIFS('Test Log'!D$5:D$54,A13,'Test Log'!H$5:H$54,"FAIL") | G13: =COUNTIFS('Test Log'!D$5:D$54,A13,'Test Log'!H$5:H$54,"PARTIAL") | H13: =IFERROR(E13/D13,0) | I13: =IFERROR(AVERAGEIF('Test Log'!D$5:D$54,A13,'Test Log'!I$5:I$54),0) | J13: =COUNTIFS('Test Log'!D$5:D$54,A13,'Test Log'!K$5:K$54,"Evet") | K13: =IFERROR(J13/D13,0) | L13: =IF(K13>0.3,"🔴 Yüksek",IF(K13>0.1,"🟡 Orta","🟢 Düşük"))
A14: S10 | B14: Check Engine (O2 Sensör) | C14: OBD – Sensör Arızası | D14: =COUNTIF('Test Log'!D$5:D$54,A14) | E14: =COUNTIFS('Test Log'!D$5:D$54,A14,'Test Log'!H$5:H$54,"PASS") | F14: =COUNTIFS('Test Log'!D$5:D$54,A14,'Test Log'!H$5:H$54,"FAIL") | G14: =COUNTIFS('Test Log'!D$5:D$54,A14,'Test Log'!H$5:H$54,"PARTIAL") | H14: =IFERROR(E14/D14,0) | I14: =IFERROR(AVERAGEIF('Test Log'!D$5:D$54,A14,'Test Log'!I$5:I$54),0) | J14: =COUNTIFS('Test Log'!D$5:D$54,A14,'Test Log'!K$5:K$54,"Evet") | K14: =IFERROR(J14/D14,0) | L14: =IF(K14>0.3,"🔴 Yüksek",IF(K14>0.1,"🟡 Orta","🟢 Düşük"))
A15: S11 | B15: Yağ Yakma (Piston Segman) | C15: Motor – Mekanik | D15: =COUNTIF('Test Log'!D$5:D$54,A15) | E15: =COUNTIFS('Test Log'!D$5:D$54,A15,'Test Log'!H$5:H$54,"PASS") | F15: =COUNTIFS('Test Log'!D$5:D$54,A15,'Test Log'!H$5:H$54,"FAIL") | G15: =COUNTIFS('Test Log'!D$5:D$54,A15,'Test Log'!H$5:H$54,"PARTIAL") | H15: =IFERROR(E15/D15,0) | I15: =IFERROR(AVERAGEIF('Test Log'!D$5:D$54,A15,'Test Log'!I$5:I$54),0) | J15: =COUNTIFS('Test Log'!D$5:D$54,A15,'Test Log'!K$5:K$54,"Evet") | K15: =IFERROR(J15/D15,0) | L15: =IF(K15>0.3,"🔴 Yüksek",IF(K15>0.1,"🟡 Orta","🟢 Düşük"))
A16: S12 | B16: Conta Patlaması (Coolant) | C16: Motor – Conta | D16: =COUNTIF('Test Log'!D$5:D$54,A16) | E16: =COUNTIFS('Test Log'!D$5:D$54,A16,'Test Log'!H$5:H$54,"PASS") | F16: =COUNTIFS('Test Log'!D$5:D$54,A16,'Test Log'!H$5:H$54,"FAIL") | G16: =COUNTIFS('Test Log'!D$5:D$54,A16,'Test Log'!H$5:H$54,"PARTIAL") | H16: =IFERROR(E16/D16,0) | I16: =IFERROR(AVERAGEIF('Test Log'!D$5:D$54,A16,'Test Log'!I$5:I$54),0) | J16: =COUNTIFS('Test Log'!D$5:D$54,A16,'Test Log'!K$5:K$54,"Evet") | K16: =IFERROR(J16/D16,0) | L16: =IF(K16>0.3,"🔴 Yüksek",IF(K16>0.1,"🟡 Orta","🟢 Düşük"))
... A19: S15 | B19: LPG Arızası (ECU Kalibrasyon) | C19: LPG Sistemi | D19: =COUNTIF('Test Log'!D$5:D$54,A19) | E19: =COUNTIFS('Test Log'!D$5:D$54,A19,'Test Log'!H$5:H$54,"PASS") | F19: =COUNTIFS('Test Log'!D$5:D$54,A19,'Test Log'!H$5:H$54,"FAIL") | G19: =COUNTIFS('Test Log'!D$5:D$54,A19,'Test Log'!H$5:H$54,"PARTIAL") | H19: =IFERROR(E19/D19,0) | I19: =IFERROR(AVERAGEIF('Test Log'!D$5:D$54,A19,'Test Log'!I$5:I$54),0) | J19: =COUNTIFS('Test Log'!D$5:D$54,A19,'Test Log'!K$5:K$54,"Evet") | K19: =IFERROR(J19/D19,0) | L19: =IF(K19>0.3,"🔴 Yüksek",IF(K19>0.1,"🟡 Orta","🟢 Düşük"))

Sheet Halüsinasyon Detay
A1: Halüsinasyon Detay Kaydı
A2: Halüsinasyon tespit edilen her vaka için ayrı satır doldurun. Test ID, Test Log ile eşleşmelidir.
A4: Test ID | B4: Senaryo ID | C4: Tarih | D4: Tester | E4: Halüsinasyon Tipi | F4: AI Yanıtı (özet) | G4: Doğru Cevap Neydi? | H4: Tetikleyen Mesaj | I4: Katman (Giriş/Çıkış/Prompt) | J4: Aksiyon

Sheet Dashboard
A1: AutoFix AI — Test Dashboard
A2: Senaryo Analizi ve Test Log sayfalarından otomatik güncellenir
B4: Toplam Test | D4: PASS | F4: FAIL | H4: PARTIAL | J4: Başarı Oranı | L4: Halüsinasyon | N4: Hal. Oranı
B5: =COUNTA('Test Log'!B5:B54) | D5: =COUNTIF('Test Log'!H5:H54,"PASS") | F5: =COUNTIF('Test Log'!H5:H54,"FAIL") | H5: =COUNTIF('Test Log'!H5:H54,"PARTIAL") | J5: =IFERROR(COUNTIF('Test Log'!H5:H54,"PASS")/COUNTA('Test Log'!H5:H54),0) | L5: =COUNTIF('Test Log'!K5:K54,"Evet") | N5: =IFERROR(COUNTIF('Test Log'!K5:K54,"Evet")/COUNTA('Test Log'!B5:B54),0)
B7: Senaryo Başarı Oranları | J7: Halüsinasyon Tip Dağılımı
B8: Senaryo ID | C8: Senaryo Adı | D8: Test | E8: PASS | F8: Başarı % | G8: Halüsinasyon | H8: Risk | J8: Tip | K8: Adet
B9: ='Senaryo Analizi'!A5 | C9: ='Senaryo Analizi'!B5 | D9: ='Senaryo Analizi'!D5 | E9: ='Senaryo Analizi'!E5 | F9: ='Senaryo Analizi'!H5 | G9: ='Senaryo Analizi'!J5 | H9: ='Senaryo Analizi'!L5 | J9: Uydurma Parça | K9: =COUNTIF('Test Log'!L$5:L$54,J9)
B10: ='Senaryo Analizi'!A6 | C10: ='Senaryo Analizi'!B6 | D10: ='Senaryo Analizi'!D6 | E10: ='Senaryo Analizi'!E6 | F10: ='Senaryo Analizi'!H6 | G10: ='Senaryo Analizi'!J6 | H10: ='Senaryo Analizi'!L6 | J10: Yanlış Teşhis | K10: =COUNTIF('Test Log'!L$5:L$54,J10)
B11: ='Senaryo Analizi'!A7 | C11: ='Senaryo Analizi'!B7 | D11: ='Senaryo Analizi'!D7 | E11: ='Senaryo Analizi'!E7 | F11: ='Senaryo Analizi'!H7 | G11: ='Senaryo Analizi'!J7 | H11: ='Senaryo Analizi'!L7 | J11: Protokol Dışı | K11: =COUNTIF('Test Log'!L$5:L$54,J11)
B12: ='Senaryo Analizi'!A8 | C12: ='Senaryo Analizi'!B8 | D12: ='Senaryo Analizi'!D8 | E12: ='Senaryo Analizi'!E8 | F12: ='Senaryo Analizi'!H8 | G12: ='Senaryo Analizi'!J8 | H12: ='Senaryo Analizi'!L8 | J12: Dil Karışımı | K12: =COUNTIF('Test Log'!L$5:L$54,J12)
B13: ='Senaryo Analizi'!A9 | C13: ='Senaryo Analizi'!B9 | D13: ='Senaryo Analizi'!D9 | E13: ='Senaryo Analizi'!E9 | F13: ='Senaryo Analizi'!H9 | G13: ='Senaryo Analizi'!J9 | H13: ='Senaryo Analizi'!L9 | J13: Diğer | K13: =COUNTIF('Test Log'!L$5:L$54,J13)
B14: ='Senaryo Analizi'!A10 | C14: ='Senaryo Analizi'!B10 | D14: ='Senaryo Analizi'!D10 | E14: ='Senaryo Analizi'!E10 | F14: ='Senaryo Analizi'!H10 | G14: ='Senaryo Analizi'!J10 | H14: ='Senaryo Analizi'!L10
B15: ='Senaryo Analizi'!A11 | C15: ='Senaryo Analizi'!B11 | D15: ='Senaryo Analizi'!D11 | E15: ='Senaryo Analizi'!E11 | F15: ='Senaryo Analizi'!H11 | G15: ='Senaryo Analizi'!J11 | H15: ='Senaryo Analizi'!L11 | J15: KULLANIM KILAVUZU 1. Test Log → Her test için bir satır doldur 2. Halüsinasyon varsa 'Evet' işaretle + tipi seç 3. Halüsinasyon Detay → Ayrıntılı kayıt gir 4. Dashboard otomatik güncellenir 5. 🚩 flagli satırlar öncelikli incelenmeli Risk Seviyeleri: 🔴 Yüksek → Hal. oranı > %30 🟡 Orta → Hal. oranı %10–30 🟢 Düşük → Hal. oranı < %10
B16: ='Senaryo Analizi'!A12 | C16: ='Senaryo Analizi'!B12 | D16: ='Senaryo Analizi'!D12 | E16: ='Senaryo Analizi'!E12 | F16: ='Senaryo Analizi'!H12 | G16: ='Senaryo Analizi'!J12 | H16: ='Senaryo Analizi'!L12
B17: ='Senaryo Analizi'!A13 | C17: ='Senaryo Analizi'!B13 | D17: ='Senaryo Analizi'!D13 | E17: ='Senaryo Analizi'!E13 | F17: ='Senaryo Analizi'!H13 | G17: ='Senaryo Analizi'!J13 | H17: ='Senaryo Analizi'!L13
B18: ='Senaryo Analizi'!A14 | C18: ='Senaryo Analizi'!B14 | D18: ='Senaryo Analizi'!D14 | E18: ='Senaryo Analizi'!E14 | F18: ='Senaryo Analizi'!H14 | G18: ='Senaryo Analizi'!J14 | H18: ='Senaryo Analizi'!L14
B19: ='Senaryo Analizi'!A15 | C19: ='Senaryo Analizi'!B15 | D19: ='Senaryo Analizi'!D15 | E19: ='Senaryo Analizi'!E15 | F19: ='Senaryo Analizi'!H15 | G19: ='Senaryo Analizi'!J15 | H19: ='Senaryo Analizi'!L15
B20: ='Senaryo Analizi'!A16 | C20: ='Senaryo Analizi'!B16 | D20: ='Senaryo Analizi'!D16 | E20: ='Senaryo Analizi'!E16 | F20: ='Senaryo Analizi'!H16 | G20: ='Senaryo Analizi'!J16 | H20: ='Senaryo Analizi'!L16
B21: ='Senaryo Analizi'!A17 | C21: ='Senaryo Analizi'!B17 | D21: ='Senaryo Analizi'!D17 | E21: ='Senaryo Analizi'!E17 | F21: ='Senaryo Analizi'!H17 | G21: ='Senaryo Analizi'!J17 | H21: ='Senaryo Analizi'!L17
B22: ='Senaryo Analizi'!A18 | C22: ='Senaryo Analizi'!B18 | D22: ='Senaryo Analizi'!D18 | E22: ='Senaryo Analizi'!E18 | F22: ='Senaryo Analizi'!H18 | G22: ='Senaryo Analizi'!J18 | H22: ='Senaryo Analizi'!L18
B23: ='Senaryo Analizi'!A19 | C23: ='Senaryo Analizi'!B19 | D23: ='Senaryo Analizi'!D19 | E23: ='Senaryo Analizi'!E19 | F23: ='Senaryo Analizi'!H19 | G23: ='Senaryo Analizi'!J19 | H23: ='Senaryo Analizi'!L19
